timestamp,commit,branch,evaluator,mode,suite,score_pct,score,max_score,elo,nps,nodes,time_secs,passed
2026-03-06 17:51:40,4e0e930,main,hce,nodes,WAC,62.33,187,300,2532,,,True
2026-03-06 18:15:00,4e0e930,main,hce,nodes,STS,62.74,74536,118800,2550,,,True
2026-03-06 19:39:54,4e0e930,main,hce,depth8,WAC,14.33,43,300,395,1232260,1786342,1.45,False
2026-03-07 06:50:42,b19057f-dirty,main,nnue,nodes,WAC,62.3,187,300,2532,0,0,0.0,True
2026-03-07 06:51:52,b19057f-dirty,main,nnue,nodes,WAC,62.3,187,300,2532,0,0,0.0,True
2026-03-07 06:53:33,b19057f-dirty,main,nnue,nodes,WAC,62.3,187,300,2532,0,0,0.0,True
2026-03-07 06:56:54,b19057f-dirty,main,nnue,nodes,WAC,62.3,187,300,2532,0,0,0.0,True
2026-03-07 06:57:22,b19057f-dirty,main,nnue,nodes,WAC,62.3,187,300,2532,0,0,0.0,True
2026-03-07 07:13:36,b19057f-dirty,main,nnue,nodes,WAC,62.3,187,300,2532,0,0,0.0,True
2026-03-07 07:13:36,b19057f-dirty,main,nnue,depth8,WAC,14.7,44,300,410,1268801,1810918,1.4,True
2026-03-07 07:13:36,b19057f-dirty,main,nnue,time1s,WAC,68.7,206,300,2814,1944814,459339718,236.2,True
2026-03-07 07:26:18,b19057f-dirty,main,nnue,nodes,WAC,62.3,187,300,2532,0,0,0.0,True
2026-03-07 07:28:09,b19057f-dirty,main,nnue,nodes,WAC,62.3,187,300,2532,0,0,0.0,True
2026-03-07 07:30:20,b19057f-dirty,main,nnue,nodes,WAC,62.3,187,300,2532,0,0,0.0,True
2026-03-07 07:30:20,b19057f-dirty,main,nnue,depth8,WAC,14.3,43,300,395,1242941,1798630,1.4,True
2026-03-07 07:34:03,b19057f-dirty,main,nnue,nodes,WAC,62.3,187,300,2532,0,0,0.0,True
2026-03-07 07:34:03,b19057f-dirty,main,nnue,depth8,WAC,14.3,43,300,395,1252331,1798630,1.4,True
2026-03-07 07:36:19,b19057f-dirty,main,nnue,nodes,WAC,62.3,187,300,2532,0,0,0.0,True
2026-03-07 07:40:17,b19057f-dirty,main,nnue,nodes,WAC,62.3,187,300,2532,0,0,0.0,True
2026-03-07 07:40:17,b19057f-dirty,main,nnue,depth8,WAC,14.3,43,300,395,1238310,1776102,1.4,True
2026-03-07 07:44:07,b19057f-dirty,main,nnue,depth8,WAC,14.3,43,300,395,1243327,1774054,1.4,True
2026-03-07 07:51:24,b19057f-dirty,main,nnue,nodes,WAC,62.3,187,300,2532,0,0,0.0,True
2026-03-07 07:51:24,b19057f-dirty,main,nnue,depth8,WAC,14.7,44,300,410,1276982,1827302,1.4,True
2026-03-07 07:51:24,b19057f-dirty,main,nnue,time1s,WAC,68.7,206,300,2814,1928050,455747872,236.4,True
2026-03-07 07:51:24,b19057f-dirty,main,nnue,depth8,STS,7.9,9396,118800,109,563795,1624064,2.9,True
2026-03-07 08:37:26,b19057f-dirty,main,hce,nodes,WAC,62.3,187,300,2532,0,0,0.0,True
2026-03-07 08:37:26,b19057f-dirty,main,hce,depth8,WAC,14.7,44,300,410,1285519,1833446,1.4,True
2026-03-07 08:37:26,b19057f-dirty,main,hce,time1s,WAC,69.0,207,300,2829,1943970,457507152,235.3,True
2026-03-07 08:37:26,b19057f-dirty,main,hce,nodes,STS,62.7,74536,118800,2550,0,0,0.0,True
2026-03-07 08:37:26,b19057f-dirty,main,hce,depth8,STS,7.9,9396,118800,109,561226,1613824,2.9,True
2026-03-07 08:37:26,b19057f-dirty,main,hce,time1s,STS,63.2,75032,118800,2569,1656549,1968125976,1188.1,True
2026-03-07 16:42:42,b19057f-dirty,main,hce,depth8,WAC,14.7,44,300,410,1298354,1851878,1.4,True
2026-03-11 21:12:26,6430fc3,main,hce,nodes,WAC,60.3,181,300,2443,1591493,125785873,79.0,True
2026-03-11 21:46:24,6430fc3-dirty,main,hce,nodes,STS,41.0,48689,118800,1581,1488763,1154508457,775.5,True
2026-03-11 21:50:56,6430fc3-dirty,main,hce,nodes,STS,41.0,48689,118800,1581,1492619,1154508457,773.5,True
2026-03-16 21:19:31,60edea1-dirty,main,hce,nodes,WAC,69.7,209,300,2858,1455422,112935904,77.6,True
2026-03-17 14:14:44,badbfcb-dirty,main,hce,nodes,WAC,65.7,197,300,2680,1268491,64972547,51.2,True
2026-03-17 15:34:20,badbfcb-dirty,main,hce,nodes,WAC,65.7,197,300,2680,1290895,64972547,50.3,True
2026-03-17 15:47:13,badbfcb-dirty,main,hce,nodes,WAC,69.7,209,300,2858,1523237,112935904,74.1,True
2026-03-17 16:06:48,e57ecf7-dirty,main,hce,nodes,WAC,72.0,216,300,2962,1452824,111568515,76.8,True
2026-03-18 16:50:24,0f9249c-dirty,main,hce,nodes,WAC,72.0,216,300,2962,2228384,111568515,50.1,True
2026-03-18 16:55:30,0f9249c-dirty,main,hce,time1s,WAC,80.0,240,300,3318,2791969,471748921,169.0,True
2026-03-18 20:02:51,e8a64ab,main,hce,nodes,WAC,72.0,216,300,2962,2129919,111568515,52.4,True,AMD EPYC 9R14
2026-03-18 20:02:51,e8a64ab,main,hce,depth8,WAC,65.7,197,300,2680,1111489,21722082,19.5,True,AMD EPYC 9R14
